{
    "demand": [ 701.31548358,  799.73292598,  848.82827454,  919.62214452,
    910.34873798,  948.27589286,  975.57434978,  984.69040659,
    941.61538779, 1059.39906159, 1048.04346169,  956.06457929,
    966.800107  ,  924.02468083,  885.92688489,  794.51994865,
    794.5111842 ,  782.8418033 ,  794.13255084,  672.54777578,
    614.79704185,  549.26545928,  507.1539117 ,  524.70904953,
    478.67213884,  432.49802215,  412.97542381,  443.17794848,
    442.75988703,  480.41462892,  537.7066795 ,  600.04554512,
    595.9487953 ,  727.45423804,  841.08099977,  850.68650118,
    880.04537244,  960.52051721,  954.39212852,  985.29577538,
   1103.95216752, 1095.16077428, 1093.01546711, 1121.73390932,
   1116.38068712, 1149.1516365 , 1144.74654052, 1125.65029082,
   1087.70898079, 1037.11012944,  953.40301936,  882.62137992,
    793.74604306,  817.0435006 ,  715.44457998,  650.61353482,
    649.59975698,  536.19059768,  554.18527908,  507.7479751, 500, 510 ],
    "electricity_prices": [
        0.0846901424590337,
        0.08377776793174456,
        0.08639354233271873,
        0.08836082136778664,
        0.08202217977988613,
        0.08136286238471512,
        0.08706058188557393,
        0.08561878418745872,
        0.08290198369341943,
        0.08619634024322273,
        0.08251871680179415,
        0.0814431725616764,
        0.0829059366762126,
        0.07669821668911218,
        0.07825820650246089,
        0.08274139027946752,
        0.08164835014550972,
        0.08496894995968636,
        0.08023201151415454,
        0.07805791536346048,
        0.08695011771388408,
        0.08287211109854038,
        0.0847486834972204,
        0.08053078234192078,
        0.08251029786999396,
        0.0834045734281788,
        0.07895662234115128,
        0.08379537944619027,
        0.0818640039302436,
        0.08378886364974296,
        0.08311809045792114,
        0.08981751867876532,
        0.0831470359031664,
        0.07935124689250231,
        0.08525103411149663,
        0.08011986905008693,
        0.08540838170010323,
        0.07916238331701816,
        0.0803933640602122,
        0.08389383320331859,
        0.08485455602530809,
        0.08341261820279082,
        0.08355193515283528,
        0.08399632584428726,
        0.08072401111160336,
        0.08233562766339234,
        0.08203705510116288,
        0.08592529956993045,
        0.08404448221196013,
        0.0787262395339118,
        0.08598973485520568,
        0.08412251363550487,
        0.08258163236932758,
        0.08536972219889585,
        0.08596170806471337,
        0.08592258168463716,
        0.08161418743033208,
        0.08420769183543382,
        0.08638973416501268,
        0.08765627183328152,
        0.088,
        0.0868706268856464
    ],
    "compressors": [
        {
            "comp_id": "C1",
            "capacity": 520, 
            "specific_energy": 450,
            "mttf": 18,
            "mttr": 1, 
            "mntr": 5,
            "TLCM": 0,
            "TSLM": 15,
            "CDM": 1
        },
        {
            "comp_id": "C2",
            "capacity": 250,
            "specific_energy": 510,
            "mttf": 20,
            "mttr": 1,
            "mntr": 6,
            "TLCM": 0,
            "TSLM": 10,
            "CDM": 1
        },
        {
            "comp_id": "C3",
            "capacity": 150,
            "specific_energy": 400,
            "mttf": 24,
            "mttr": 1,
            "mntr": 3,
            "TLCM": 0,
            "TSLM": 0,
            "CDM": 0
        }
    ]
}
  
