{
    "reactants": {
        "raw_1": {
            "X0": 200.0,
            "Xmin": 0.0,
            "Xmax": 200.0,
            "cost": -0.055483457048993046,
            "inventory_cost": -0.005,
            "used": 0.0
        },
        "raw_2": {
            "X0": 200.0,
            "Xmin": 0.0,
            "Xmax": 200.0,
            "cost": -0.05580585364363814,
            "inventory_cost": -0.005,
            "used": 0.0
        },
        "raw_3": {
            "X0": 200.0,
            "Xmin": 0.0,
            "Xmax": 200.0,
            "cost": -0.01,
            "inventory_cost": -0.005,
            "used": 0.0
        }
    },
    "intermediates": {
        "intermediate_1": {
            "X0": 0.0,
            "Xmin": 0.0,
            "Xmax": 200.0,
            "inventory_cost": -0.005,
            "used": 0.0,
            "produced": 1.0
        },
        "intermediate_2": {
            "X0": 0.0,
            "Xmin": 0.0,
            "Xmax": 200.0,
            "inventory_cost": -0.005,
            "used": 0.0,
            "produced": 1.0
        }
    },
    "products": {
        "product_1": {
            "X0": 0.0,
            "Xmin": 0.0,
            "Xmax": 200.0,
            "cost": 2.3494194263082004,
            "inventory_cost": -0.005,
            "produced": 0.0
        },
        "product_2": {
            "X0": 0.0,
            "Xmin": 0.0,
            "Xmax": 200.0,
            "cost": 2.5955119660557706,
            "inventory_cost": -0.005,
            "produced": 0.0
        }
    },
    "tasks": {
        "task_1": {
            "tau": 1,
            "Vmin": 52.13742157418055,
            "Vmax": 55.86475359912445,
            "n_raw": 3,
            "raws": {
                "0": "raw_1",
                "1": "raw_3",
                "2": "raw_2"
            },
            "raw_dist": {
                "raw_1": 0.36248147170721406,
                "raw_3": 0.36248147170721406,
                "raw_2": 0.1264846142275139
            },
            "n_prod": 1,
            "prods": {
                "0": "product_1"
            },
            "prod_dist": {
                "product_1": 0.5
            },
            "n_int_react": 0,
            "int_react": {},
            "int_react_dist": {},
            "n_int_prod": 2,
            "int_prod": {
                "0": "intermediate_1",
                "1": "intermediate_2"
            },
            "int_prod_dist": {
                "intermediate_1": 0.16666666666666666,
                "intermediate_2": 0.3333333333333333
            },
            "n_equipment": 1,
            "equipments": {
                "0": "equipment_3"
            },
            "n_utility": 0,
            "utilities": {}
        },
        "task_2": {
            "tau": 2,
            "Vmin": 30.019243083546204,
            "Vmax": 77.09788365029426,
            "n_raw": 0,
            "raws": {},
            "raw_dist": {},
            "n_prod": 2,
            "prods": {
                "0": "product_2",
                "1": "product_1"
            },
            "prod_dist": {
                "product_2": 0.6666666666666666,
                "product_1": 0.3333333333333333
            },
            "n_int_react": 1,
            "int_react": {
                "0": "intermediate_1"
            },
            "int_react_dist": {
                "intermediate_1": 1.0
            },
            "n_int_prod": 0,
            "int_prod": {},
            "int_prod_dist": {},
            "n_equipment": 1,
            "equipments": {
                "0": "equipment_1"
            },
            "n_utility": 2,
            "utilities": {
                "utility_1": 0.8,
                "utility_2": 2.97954174046211
            }
        },
        "task_3": {
            "tau": 2,
            "Vmin": 34.56444183627529,
            "Vmax": 66.77958848831356,
            "n_raw": 0,
            "raws": {},
            "raw_dist": {},
            "n_prod": 1,
            "prods": {
                "0": "product_1"
            },
            "prod_dist": {
                "product_1": 1.0
            },
            "n_int_react": 3,
            "int_react": {
                "0": "intermediate_1",
                "1": "intermediate_2",
                "2": "intermediate_2"
            },
            "int_react_dist": {
                "intermediate_1": 0.5921560467484666,
                "intermediate_2": 0.4078439532515335
            },
            "n_int_prod": 0,
            "int_prod": {},
            "int_prod_dist": {},
            "n_equipment": 1,
            "equipments": {
                "0": "equipment_2"
            },
            "n_utility": 0,
            "utilities": {}
        }
    },
    "equipments": {
        "equipment_1": {
            "X0": 1.0,
            "Xmin": 0.0,
            "Xmax": 1.0
        },
        "equipment_2": {
            "X0": 1.0,
            "Xmin": 0.0,
            "Xmax": 1.0
        },
        "equipment_3": {
            "X0": 1.0,
            "Xmin": 0.0,
            "Xmax": 1.0
        }
    },
    "demand": {
        "product_1": {
            "1": 0.0,
            "2": 0.0,
            "3": 0.0,
            "4": 0.0,
            "5": 0.0,
            "6": 0.0,
            "7": 0.0,
            "8": -14.40325805942026,
            "9": 0.0,
            "10": 0.0,
            "11": 0.0,
            "12": 0.0,
            "13": -10.413412191065806,
            "14": -12.531437612676788,
            "15": 0.0,
            "16": -17.673885911997125,
            "17": 0.0,
            "18": 0.0,
            "19": -17.15087355410136,
            "20": -17.439079296769552,
            "21": -18.778543830417657,
            "22": 0.0,
            "23": 0.0,
            "24": 0.0,
            "25": -12.933682868714346,
            "26": 0.0,
            "27": -17.517069832549907,
            "28": 0.0,
            "29": 0.0,
            "30": 0.0
        },
        "product_2": {
            "1": 0.0,
            "2": 0.0,
            "3": 0.0,
            "4": 0.0,
            "5": 0.0,
            "6": 0.0,
            "7": 0.0,
            "8": 0.0,
            "9": 0.0,
            "10": 0.0,
            "11": 0.0,
            "12": 0.0,
            "13": 0.0,
            "14": 0.0,
            "15": 0.0,
            "16": 0.0,
            "17": 0.0,
            "18": 0.0,
            "19": 0.0,
            "20": -11.754910113411697,
            "21": 0.0,
            "22": 0.0,
            "23": -11.646180534481502,
            "24": 0.0,
            "25": 0.0,
            "26": 0.0,
            "27": 0.0,
            "28": 0.0,
            "29": 0.0,
            "30": 0.0
        }
    },
    "elec_cost": {
        "1": 0.07866508856715429,
        "2": 0.07759153361665537,
        "3": 0.07989874820463974,
        "4": 0.08422861291598452,
        "5": 0.08639368904243327,
        "6": 0.07239904994843632,
        "7": 0.07706154322870133,
        "8": 0.07445914217784623,
        "9": 0.07192454275327792,
        "10": 0.07621570828101762,
        "11": 0.07667747649188315,
        "12": 0.08463033395940464,
        "13": 0.0753850502774281,
        "14": 0.08707113953402759,
        "15": 0.06799567646117663,
        "16": 0.08279686546829682,
        "17": 0.07835193363293842,
        "18": 0.08449992217767022,
        "19": 0.07417992726400767,
        "20": 0.08261976634505694,
        "21": 0.0694526139893433,
        "22": 0.08420272854179542,
        "23": 0.08603782298834096,
        "24": 0.07858107106707925,
        "25": 0.07899123597323814,
        "26": 0.07331745847240283,
        "27": 0.07743008699108773,
        "28": 0.07791585072308337,
        "29": 0.07478184324435769,
        "30": 0.06804154964851629
    },
    "utility_costs": {
        "utility_1": {
            "1": 0.06261852369941727,
            "2": 0.06258278280677594,
            "3": 0.0653843668460814,
            "4": 0.06725045635467702,