{
  "common": {
    "penalty_factor_UT": 1.0,
    "penalty_factor_DT": 1.0,
    "penalty_factor_RampUp": 0.1,
    "penalty_factor_RampDown": 0.1,
    "penalty_factor_fmin": 0.1,
    "penalty_factor_fmax": 0.1,
    "T": 24,
    "num_gen": 5,
    "model_type": "deterministic",
    "forecast_length": 8,
    "P_max": [
      455,
      130,
      130,
      80,
      55
    ],
    "P_min": [
      150,
      20,
      20,
      20,
      55
    ],
    "a": [
      0.00048,
      0.002,
      0.00211,
      0.00712,
      0.00413
    ],
    "b": [
      16.19,
      16.6,
      16.5,
      22.26,
      25.92
    ],
    "c": [
      1000,
      700,
      680,
      370,
      660
    ],
    "UT": [
      8,
      5,
      5,
      3,
      1
    ],
    "DT": [
      8,
      5,
      5,
      3,
      1
    ],
    "RU": [
      300,
      85,
      85,
      55,
      55
    ],
    "RD": [
      300,
      85,
      85,
      55,
      55
    ],
    "SU": [
      300,
      85,
      85,
      55,
      55
    ],
    "SD": [
      300,
      85,
      85,
      55,
      55
    ],
    "hot_cost": [
      4500,
      550,
      560,
      170,
      30
    ],
    "cold_cost": [
      9000,
      1100,
      1120,
      340,
      60
    ],
    "cold_hrs": [
      5,
      4,
      4,
      2,
      0
    ],
    "C_SD": [
      0,
      0,
      0,
      0,
      0
    ],
    "C_LS": 100,
    "C_RP": 100,
    "R": 10,
    "scale_action": false,
    "no_change_before_0": true,
    "u0_seq": {
      "0": [
        1,
        1,
        1,
        1,
        1,
        1,
        1,
        1,
        1
      ],
      "1": [
        0,
        0,
        0,
        0,
        0,
        0
      ],
      "2": [
        0,
        0,
        0,
        0,
        0,
        0
      ],
      "3": [
        0,
        0,
        0,
        0
      ],
      "4": [
        0,
        0
      ]
    },
    "u0_prev": [
      1,
      0,
      0,
      0,
      0
    ],
    "u0": [
      1,
      0,
      0,
      0,
      0
    ],
    "p0_prev": [
      300,
      0,
      0,
      0,
      0
    ],
    "p0": [
      300,
      0,
      0,
      0,
      0
    ]
  },
  "UC-v0": {
    "num_bus": 1,
    "gen_bus": {
      "0": 0,
      "1": 0,
      "2": 0,
      "3": 0,
      "4": 0
    },
    "bus_gen": {
      "0": [
        0,
        1,
        2,
        3,
        4
      ]
    },
    "num_line": 0,
    "line_bus": {},
    "B": [
      20
    ],
    "F_max": [
      0
    ],
    "F_min": [
      0
    ],
    "Pi_max": [
      0
    ],
    "Pi_min": [
      0
    ],
    "pi0": [
      0
    ],
    "loc": [
      300.0
    ],
    "scale": [
      70.0
    ],
    "deterministic_demand": [
      [
        362.0
      ],
      [
        191.0
      ],
      [
        303.0
      ],
      [
        263.0
      ],
      [
        416.0
      ],
      [
        302.0
      ],
      [
        328.0
      ],
      [
        234.0
      ],
      [
        357.0
      ],
      [
        266.0
      ],
      [
        333.0
      ],
      [
        325.0
      ],
      [
        343.0
      ],
      [
        285.0
      ],
      [
        290.0
      ],
      [
        329.0
      ],
      [
        245.0
      ],
      [
        305.0
      ],
      [
        311.0
      ],
      [
        254.0
      ],
      [
        385.0
      ],
      [
        214.0
      ],
      [
        197.0
      ],
      [
        227.0
      ]
    ]
  },
  "UC-v1": {
    "num_bus": 4,
    "gen_bus": {
      "0": 0,
      "1": 1,
      "2": 2,
      "3": 3,
      "4": 3
    },
    "bus_gen": {
      "0": [
        0
      ],
      "1": [
        1
      ],
      "2": [
        2
      ],
      "3": [
        3,
        4
      ]
    },
    "num_line": 5,
    "line_bus": {
      "0": [
        0,
        1
      ],
      "1": [
        0,
        2
      ],
      "2": [
        1,
        2
      ],
      "3": [
        1,
        3
      ],
      "4": [
        2,
        3
      ]
    },
    "B": [
      20,
      20,
      20,
      20,
      20
    ],
    "F_max": [
      100,
      100,
      100,
      100,
      100
    ],
    "F_min": [
      -100,
      -100,
      -100,
      -100,
      -100
    ],
    "Pi_max": [
      0,
      0.2,
      0.2,
      0.2
    ],
    "Pi_min": [
      0,
      -0.2,
      -0.2,
      -0.2
    ],
    "pi0": [
      0,
      0,
      0,
      0
    ],
    "loc": [
      253.1,
      60.3,
      60.3,
      70.1
    ],
    "scale": [
      22.6,
      6.0,
      6.0,
      8.4
    ],
    "deterministic_demand": [
      [
        226.0,
        57.0,
        52.0,
        59.0
      ],
      [
        233.0,
        57.0,
        65.0,
        77.0
      ],
      [
        258.0,
        59.0,
        48.0,
        78.0
      ],
      [
        272.0,
        67.0,
        55.0,
        67.0
      ],
      [
        247.0,
        55.0,
        65.0,
        65.0
      ],
      [
        232.0,
        65.0,
        69.0,
        63.0
      ],
      [
        213.0,
        57.0,
        59.0,
        69.0
      ],
      [
        245.0,
        71.0,
        60.0,
        74.0
      ],
      [
        243.0,
        59.0,
        72.0,
        61.0
      ],
      [
        263.0,
        63.0,
        55.0,
        56.0
      ],
      [
        291.0,
        60.0,
        55.0,
        72.0
      ],
      [
        235.0,
        58.0,
        59.0,
        73.0
      ],
      [
        234.0,
        59.0,
        67.0,
        65.0
      ],
      [
        253.0,
        47.0,
        54.0,
        63.0
      ],
      [
        267.0,
        52.0,
        47.0,
        55.0
      ],
      [
        223.0,
        58.0,
        57.0,
        72.0
      ],
      [
        239.0,
        67.0,
        62.0,
        67.0
      ],
      [
        260.0,
        60.0,
        56.0,
        63.0
      ],
      [
        234.0,
        61.0,
        62.0,
        76.0
      ],
      [
        241.0,
        59.0,
        54.0,
        84.0
      ],
      [
        298.0,
        63.0,
        63.0,
        76.0
      ],
      [
        235.0,
        55.0,
        52.0,
        80.0
      ],
      [
        273.0,
        63.0,
        75.0,
        80.0
      ],
      [
        276.0,
        54.0,
        73.0,
        70.0
      ]
    ]
  }
}