{
    "demand": [
        701.3154835778978,
        919.0476548535935,
        1023.671628397226,
        1047.3713857576731,
        889.8947725272956,
        720.3248976500461,
        547.4528573651447,
        430.10982433228855,
        375.403520264022,
        596.7575524452384,
        763.7932200254411,
        859.3416417469033,
        1000.7619980506315,
        990.5767090072803,
        885.9268848943374,
        668.016690145748,
        545.5705860016333,
        479.41625140326335,
        542.9775204809191,
        578.7387246444778,
        741.3003003558327,
        892.0151086178619,
        995.1824657865097,
        1045.3277407318526,
        918.1447257105522,
        716.74826381772,
        532.8672836280896,
        454.80923375601515,
        442.7598870307981,
        565.7864719964066,
        804.5783794065695,
        1025.2631056006176,
        1095.6579781750052,
        1172.0283868312874,
        1102.6655433574188,
        850.6865011774725,
        618.4608288504764,
        515.9463684172865,
        454.68294564652194,
        560.0782148917356,
        837.080467616136,
        995.2124109732381,
        1093.015467111591,
        1108.1166804461727,
        976.0183061394378,
        816.3680699078734,
        630.2377259590337,
        516.140360846176,
        516.3536782508752,
        635.8388760410592,
        805.3003992713365,
        992.4475332136052,
        1087.7836708847603,
        1172.2763994815268,
        1006.8896800819506,
        798.7161549092883,
        649.5997569786341,
        458.27537351698805,
        514.4246823384173,
        620.9855362625883
    ],
    "electricity_prices": [
        0.0846901424590337,
        0.08377776793174456,
        0.08639354233271873,
        0.08836082136778664,
        0.08202217977988613,
        0.08136286238471512,
        0.08706058188557393,
        0.08561878418745872,
        0.08290198369341943,
        0.08619634024322273,
        0.08251871680179415,
        0.0814431725616764,
        0.0829059366762126,
        0.07669821668911218,
        0.07825820650246089,
        0.08274139027946752,
        0.08164835014550972,
        0.08496894995968636,
        0.08023201151415454,
        0.07805791536346048,
        0.08695011771388408,
        0.08287211109854038,
        0.0847486834972204,
        0.08053078234192078,
        0.08251029786999396,
        0.0834045734281788,
        0.07895662234115128,
        0.08379537944619027,
        0.0818640039302436,
        0.08378886364974296,
        0.08311809045792114,
        0.08981751867876532,
        0.0831470359031664,
        0.07935124689250231,
        0.08525103411149663,
        0.08011986905008693,
        0.08540838170010323,
        0.07916238331701816,
        0.0803933640602122,
        0.08389383320331859,
        0.08485455602530809,
        0.08341261820279082,
        0.08355193515283528,
        0.08399632584428726,
        0.08072401111160336,
        0.08233562766339234,
        0.08203705510116288,
        0.08592529956993045,
        0.08404448221196013,
        0.0787262395339118,
        0.08598973485520568,
        0.08412251363550487,
        0.08258163236932758,
        0.08536972219889585,
        0.08596170806471337,
        0.08592258168463716,
        0.08161418743033208,
        0.08420769183543382,
        0.08638973416501268,
        0.08765627183328152
    ],
    "compressors": [
        {
            "comp_id": "C1",
            "capacity": 500, 
            "specific_energy": 450,
            "mttf": 18,
            "mttr": 2,
            "mntr": 5,
            "TLCM": 0,
            "TSLM": 15,
            "CDM": 1
        },
        {
            "comp_id": "C2",
            "capacity": 250,
            "specific_energy": 510,
            "mttf": 20,
            "mttr": 1,
            "mntr": 6,
            "TLCM": 0,
            "TSLM": 10,
            "CDM": 1
        },
        {
            "comp_id": "C3",
            "capacity": 150,
            "specific_energy": 400,
            "mttf": 24,
            "mttr": 1,
            "mntr": 3,
            "TLCM": 0,
            "TSLM": 0,
            "CDM": 0
        }
    ]
}
  
